x0,x1,x2,x3,x4,x5,x6,x7,x8,x9,x10,x11,x12,x13,x14,x15,x16,x17,x18,x19,x20,x21,x22,x23,x24,x25,x26,x27,x28,x29,x30,x31,x32,y0,y1,y2,y3,y4,y5,y6,y7,y8,y9,y10,y11,y12,y13,y14,y15,y16,y17,y18,y19,y20,y21,y22,y23,y24,y25,y26,y27,y28,y29,y30,y31,y32,z0,z1,z2,z3,z4,z5,z6,z7,z8,z9,z10,z11,z12,z13,z14,z15,z16,z17,z18,z19,z20,z21,z22,z23,z24,z25,z26,z27,z28,z29,z30,z31,z32,v0,v1,v2,v3,v4,v5,v6,v7,v8,v9,v10,v11,v12,v13,v14,v15,v16,v17,v18,v19,v20,v21,v22,v23,v24,v25,v26,v27,v28,v29,v30,v31,v32,frame,label
0.3896975815296173,0.5111002922058105,0.3984932601451874,0.9999976754188538,0.3792925179004669,0.500598669052124,0.4743264317512512,0.9999971389770508,0.38025352358818054,0.49297842383384705,0.47454309463500977,0.999996542930603,0.3819258213043213,0.4849246144294739,0.47440895438194275,0.9999971985816956,0.3818274140357971,0.5208144783973694,0.46973884105682373,0.9999974370002747,0.38443440198898315,0.5281571745872498,0.46954524517059326,0.9999969601631165,0.3874272108078003,0.5359225273132324,0.46955177187919617,0.999998152256012,0.39620640873908997,0.4684601128101349,0.6962954998016357,0.9999970197677612,0.40415146946907043,0.5493918061256409,0.6811198592185974,0.9999986886978149,0.40921562910079956,0.4949345886707306,0.46636855602264404,0.999984860420227,0.41302409768104553,0.5234771370887756,0.4604230523109436,0.9999897480010986,0.45567968487739563,0.4220510721206665,0.6590512990951538,0.999781608581543,0.4601954221725464,0.606330394744873,0.6406636238098145,0.9999598860740662,0.36295464634895325,0.37669116258621216,0.5775271058082581,0.9835464954376221,0.3759206533432007,0.62894207239151,0.643227219581604,0.9946301579475403,0.23727165162563324,0.4211275577545166,0.7436484098434448,0.9480910301208496,0.24277234077453613,0.614531934261322,0.8668423295021057,0.9832648038864136,0.22048744559288025,0.43397390842437744,0.7351418733596802,0.8327270746231079,0.22209963202476501,0.6123183369636536,0.8548786640167236,0.9533066749572754,0.22376814484596252,0.44571545720100403,0.7698149085044861,0.7984131574630737,0.22488678991794586,0.5999857187271118,0.8870738744735718,0.9354431629180908,0.23063962161540985,0.4468495547771454,0.7520405650138855,0.7800080180168152,0.23178163170814514,0.5956458449363708,0.8760946393013,0.9162632822990417,0.6725736856460571,0.43916645646095276,-0.019800810143351555,0.9998694062232971,0.6748912334442139,0.5791710615158081,0.02020084112882614,0.9999181628227234,0.6925802230834961,0.33218538761138916,-0.627204954624176,0.9935639500617981,0.6913664937019348,0.6932523250579834,-0.645767867565155,0.9953504204750061,0.8976321220397949,0.34989848732948303,-0.7887390851974487,0.9361269474029541,0.9259487390518188,0.7001426219940186,-0.817385196685791,0.9666561484336853,0.9472716450691223,0.3779149651527405,-0.8176010251045227,0.9365005493164062,0.9671438932418823,0.6729943156242371,-0.8449428677558899,0.9482574462890625,0.9752869009971619,0.2712780237197876,-1.0490636825561523,0.9391651153564453,1.0049227476119995,0.7745089530944824,-1.0963214635849,0.948784351348877,121,0
0.3897151052951813,0.5110120177268982,0.40268367528915405,0.9999979138374329,0.379281222820282,0.4998886287212372,0.47259554266929626,0.9999974370002747,0.3802672028541565,0.4917948544025421,0.4728125035762787,0.9999969005584717,0.38198021054267883,0.4834077060222626,0.4726654589176178,0.9999974966049194,0.38170281052589417,0.5207750201225281,0.47234299778938293,0.9999976754188538,0.38424476981163025,0.5281592607498169,0.4721664786338806,0.9999972581863403,0.38717836141586304,0.535926878452301,0.4721843898296356,0.9999983310699463,0.3971922695636749,0.4673108160495758,0.6655805110931396,0.9999973177909851,0.40401744842529297,0.5490716099739075,0.6692911982536316,0.9999988079071045,0.40923011302948,0.4948939085006714,0.4595053791999817,0.9999863505363464,0.4129881262779236,0.5235550999641418,0.4592374563217163,0.9999907612800598,0.4611680209636688,0.42202848196029663,0.6116864085197449,0.9997952580451965,0.4642934799194336,0.6064779758453369,0.6132600903511047,0.9999635815620422,0.36786338686943054,0.37476804852485657,0.5291478037834167,0.9841009974479675,0.37854692339897156,0.6395196318626404,0.5956028699874878,0.9948346614837646,0.2421235293149948,0.4179431200027466,0.7174095511436462,0.9478338956832886,0.24821466207504272,0.614965558052063,0.7806557416915894,0.9830506443977356,0.22402045130729675,0.4302211403846741,0.7119623422622681,0.8338804841041565,0.22622552514076233,0.6104278564453125,0.7662079334259033,0.9529004096984863,0.22705040872097015,0.44438636302948,0.7447105646133423,0.799957275390625,0.22934980690479279,0.5979824066162109,0.7991225123405457,0.9352928996086121,0.23464883863925934,0.44502246379852295,0.7261283993721008,0.7819945216178894,0.23674751818180084,0.5957800149917603,0.7884417176246643,0.9163431525230408,0.6735526323318481,0.4391467273235321,-0.01982203684747219,0.999880850315094,0.6771966218948364,0.5800172686576843,0.020194867625832558,0.9999255537986755,0.6924393177032471,0.33258697390556335,-0.6145439743995667,0.9937233924865723,0.6929050087928772,0.6929432153701782,-0.6405891180038452,0.9954165816307068,0.8975764513015747,0.3496567904949188,-0.7171106934547424,0.9364727735519409,0.9269813299179077,0.7003876566886902,-0.757952868938446,0.9661429524421692,0.9476783871650696,0.37720581889152527,-0.7335579991340637,0.9374264478683472,0.9678592085838318,0.6729975342750549,-0.7727674245834351,0.9473324418067932,0.9763701558113098,0.2710326313972473,-0.9315270781517029,0.941103458404541,1.0049227476119995,0.7744824886322021,-0.9859001040458679,0.9494887590408325,122,0
0.38996046781539917,0.5105929374694824,0.28427308797836304,0.999998152256012,0.3792566955089569,0.4989030361175537,0.35234540700912476,0.9999976754188538,0.38027140498161316,0.490593820810318,0.352628618478775,0.9999971985816956,0.38200128078460693,0.4822006821632385,0.35242897272109985,0.9999977350234985,0.38162243366241455,0.5207492113113403,0.346792072057724,0.9999979138374329,0.38413840532302856,0.5282015204429626,0.3466278314590454,0.9999975562095642,0.3870414197444916,0.5361652374267578,0.34675541520118713,0.9999985098838806,0.3972848653793335,0.4668208062648773,0.5520764589309692,0.999997615814209,0.40377146005630493,0.5493301749229431,0.5306735038757324,0.999998927116394,0.40939804911613464,0.4946378469467163,0.3447304368019104,0.9999877214431763,0.41319167613983154,0.5235808491706848,0.3368871212005615,0.9999917149543762,0.468134343624115,0.42180633544921875,0.5482547879219055,0.9998068809509277,0.4672282934188843,0.6067932844161987,0.5082768797874451,0.9999668598175049,0.371144562959671,0.3716641664505005,0.5414796471595764,0.9846851825714111,0.381908655166626,0.6551993489265442,0.5503538250923157,0.9951091408729553,0.24684873223304749,0.4173479378223419,0.8582435250282288,0.9459981918334961,0.25203046202659607,0.6155131459236145,0.827060878276825,0.9824446439743042,0.22448961436748505,0.4306560456752777,0.8730238080024719,0.8266685009002686,0.22725602984428406,0.6040083169937134,0.8327015042304993,0.9509830474853516,0.22746525704860687,0.44478482007980347,0.9151682257652283,0.7918652892112732,0.2328934222459793,0.5928173661231995,0.8689951300621033,0.9328302145004272,0.23633882403373718,0.44481343030929565,0.8738279938697815,0.7748476266860962,0.24162255227565765,0.5935457944869995,0.8394088745117188,0.9145716428756714,0.6781878471374512,0.4394218921661377,-0.016504187136888504,0.9998905658721924,0.6816368699073792,0.5809533596038818,0.016919776797294617,0.9999319314956665,0.6919032335281372,0.3329697847366333,-0.5885310769081116,0.9941489696502686,0.6938437223434448,0.692619264125824,-0.6423494219779968,0.9955874681472778,0.897536039352417,0.3496605157852173,-0.6508997082710266,0.9399161338806152,0.9270801544189453,0.7003673911094666,-0.7345404028892517,0.9669145345687866,0.9478843212127686,0.37711745500564575,-0.664652407169342,0.9403079152107239,0.9677959084510803,0.6725826263427734,-0.7427657246589661,0.9481063485145569,0.9764873385429382,0.2709188759326935,-0.862726628780365,0.9441139698028564,1.0049291849136353,0.7745264172554016,-0.9629186391830444,0.950910747051239,123,0
0.38928309082984924,0.5100119113922119,0.29478591680526733,0.9999983310699463,0.3780566453933716,0.49843910336494446,0.3623553216457367,0.9999979138374329,0.3792616128921509,0.49029722809791565,0.3625052869319916,0.9999974966049194,0.38118600845336914,0.48208245635032654,0.3623638451099396,0.9999979734420776,0.37985923886299133,0.5202426314353943,0.3589462637901306,0.999998152256012,0.38208043575286865,0.5276612043380737,0.3588162958621979,0.9999977946281433,0.38467445969581604,0.5356597900390625,0.3588343858718872,0.9999986886978149,0.39712798595428467,0.4668480455875397,0.5652707815170288,0.9999978542327881,0.40136873722076416,0.548984944820404,0.5537260174751282,0.9999990463256836,0.4087572991847992,0.4945266842842102,0.35712581872940063,0.9999889135360718,0.41193655133247375,0.5233871340751648,0.35220861434936523,0.9999925494194031,0.4713074862957001,0.4215582013130188,0.5625275373458862,0.9998206496238708,0.4700530767440796,0.6067598462104797,0.5257250070571899,0.9999699592590332,0.3949311077594757,0.36049532890319824,0.6071705222129822,0.985489547252655,0.3946590721607208,0.6672723889350891,0.5648939609527588,0.9954343438148499,0.26344621181488037,0.41367244720458984,0.9537937045097351,0.9462289810180664,0.26998597383499146,0.6175955533981323,0.8395668268203735,0.9830150604248047,0.24214623868465424,0.4299933910369873,0.973353385925293,0.8252446055412292,0.24224978685379028,0.6055902242660522,0.843182384967804,0.9517021775245667,0.24345779418945312,0.44462457299232483,1.0133877992630005,0.7903043031692505,0.2464594841003418,0.5940264463424683,0.8780655860900879,0.934063732624054,0.2519562244415283,0.4437403678894043,0.9694926142692566,0.7744710445404053,0.2561700642108917,0.5941453576087952,0.8507652878761292,0.9167302250862122,0.6807520985603333,0.43922170996665955,-0.014973587356507778,0.9998995661735535,0.6833955645561218,0.5810065269470215,0.015422316268086433,0.9999376535415649,0.6894276738166809,0.3338472545146942,-0.5948336720466614,0.9945881366729736,0.6963014602661133,0.6926741003990173,-0.6372576951980591,0.9958192706108093,0.8978451490402222,0.34962549805641174,-0.6616478562355042,0.9435851573944092,0.9270713329315186,0.7003201842308044,-0.7252734899520874,0.9677868485450745,0.9482003450393677,0.3767772912979126,-0.675777018070221,0.9433510303497314,0.9676723480224609,0.6716926693916321,-0.7336104512214661,0.9485360980033875,0.9779531955718994,0.26629042625427246,-0.8764243721961975,0.9472935199737549,1.0051466226577759,0.773736834526062,-0.9540777802467346,0.9524602890014648,124,0
0.3887651562690735,0.509998619556427,0.27007585763931274,0.9999985098838806,0.377056360244751,0.49854177236557007,0.33385902643203735,0.999998152256012,0.3780215084552765,0.49057257175445557,0.3341211974620819,0.9999977350234985,0.37967467308044434,0.48260462284088135,0.3339237868785858,0.999998152256012,0.37925320863723755,0.5202748775482178,0.3317537009716034,0.9999983310699463,0.3815062940120697,0.5277125239372253,0.33159247040748596,0.9999980330467224,0.38402047753334045,0.5356788039207458,0.33166956901550293,0.9999988079071045,0.3953705132007599,0.46832042932510376,0.5157540440559387,0.9999980926513672,0.4002620279788971,0.5488888621330261,0.5108481049537659,0.9999991655349731,0.40710315108299255,0.49449610710144043,0.32518482208251953,0.9999899864196777,0.4102957546710968,0.5233309268951416,0.32225388288497925,0.9999932646751404,0.4714411199092865,0.42030343413352966,0.514316201210022,0.9998306035995483,0.471884161233902,0.6047236323356628,0.49011534452438354,0.9999725818634033,0.41216716170310974,0.34864896535873413,0.565565288066864,0.9862371683120728,0.4146864712238312,0.6740846633911133,0.5482426881790161,0.9957273602485657,0.28381988406181335,0.40309572219848633,0.9078797698020935,0.9469587206840515,0.28884103894233704,0.6191295981407166,0.8038000464439392,0.9833126068115234,0.26244086027145386,0.4214946925640106,0.931188702583313,0.8249069452285767,0.26303374767303467,0.6054937839508057,0.8103954792022705,0.9507127404212952,0.26305991411209106,0.4363275468349457,0.9706117510795593,0.7901803255081177,0.2646271288394928,0.5932464599609375,0.8461208939552307,0.9330993294715881,0.27151915431022644,0.4345545470714569,0.924412727355957,0.7749049067497253,0.27379536628723145,0.5944400429725647,0.8155838847160339,0.9165220260620117,0.6805704832077026,0.4375345706939697,-0.01446552574634552,0.9999070763587952,0.683000385761261,0.5804980993270874,0.014819927513599396,0.9999424815177917,0.6894640922546387,0.33517205715179443,-0.5813080668449402,0.9947696328163147,0.6967249512672424,0.6926848888397217,-0.6036112904548645,0.995834231376648,0.8980041146278381,0.3491080701351166,-0.5941801071166992,0.9450754523277283,0.9270952939987183,0.7001713514328003,-0.6409685611724854,0.9680840373039246,0.9490643739700317,0.375843346118927,-0.6006835699081421,0.9436226487159729,0.967644453048706,0.6705448031425476,-0.6466827392578125,0.9466497898101807,0.979285717010498,0.2626747786998749,-0.7839676737785339,0.9484466910362244,1.0048325061798096,0.773734986782074,-0.8497284650802612,0.9526320695877075,125,0
0.3891066014766693,0.5098996162414551,0.18992960453033447,0.9999986886978149,0.37705910205841064,0.4985406994819641,0.25045013427734375,0.9999983310699463,0.3779795467853546,0.49060311913490295,0.250722736120224,0.9999979734420776,0.37957268953323364,0.48276907205581665,0.25051000714302063,0.9999983310699463,0.3792707622051239,0.5203399658203125,0.24727192521095276,0.9999985098838806,0.38151049613952637,0.52793288230896,0.24713149666786194,0.9999982118606567,0.38396337628364563,0.5359057784080505,0.2472255825996399,0.999998927116394,0.39438408613204956,0.47017791867256165,0.4320661723613739,0.9999982714653015,0.3994670808315277,0.5490870475769043,0.42318442463874817,0.9999992251396179,0.40712469816207886,0.49437469244003296,0.24586215615272522,0.9999909400939941,0.41026613116264343,0.5232580304145813,0.24193230271339417,0.9999939203262329,0.4713854193687439,0.42022764682769775,0.4577271342277527,0.9998354315757751,0.47352269291877747,0.6028304100036621,0.4282678961753845,0.9999747276306152,0.4328354299068451,0.3392564058303833,0.5550243854522705,0.9870621562004089,0.4378458261489868,0.6800661087036133,0.4934642016887665,0.996041476726532,0.3048242926597595,0.39717531204223633,0.8111491799354553,0.9486590623855591,0.3177441358566284,0.6260743141174316,0.7543379664421082,0.9837956428527832,0.28562524914741516,0.4157277047634125,0.8273850083351135,0.8266001343727112,0.293052613735199,0.6121782064437866,0.7518273591995239,0.9497413039207458,0.28437480330467224,0.42840301990509033,0.8639097213745117,0.7920944690704346,0.2934474050998688,0.6010807752609253,0.7868785262107849,0.932058572769165,0.29296237230300903,0.42655667662620544,0.8253772854804993,0.7778230905532837,0.3023994565010071,0.6031002998352051,0.7645959258079529,0.9166432619094849,0.6809357404708862,0.43733179569244385,-0.014119617640972137,0.9999104142189026,0.6826722621917725,0.5798773765563965,0.014415275305509567,0.9999454021453857,0.6894822120666504,0.33602094650268555,-0.5507129430770874,0.9949732422828674,0.6967021822929382,0.6926755905151367,-0.5821290612220764,0.9959372282028198,0.8968590497970581,0.3491334617137909,-0.5306553244590759,0.9469330906867981,0.9260478019714355,0.6996564865112305,-0.5805366635322571,0.9689459204673767,0.9486854672431946,0.37584906816482544,-0.5343489050865173,0.9434099197387695,0.9667314291000366,0.6692925095558167,-0.5825587511062622,0.9454910755157471,0.9776834845542908,0.2627725899219513,-0.7179939150810242,0.9491345286369324,1.0048227310180664,0.7729852795600891,-0.7826038002967834,0.9526674747467041,126,0
0.3914821147918701,0.5098526477813721,0.1934066116809845,0.9999988079071045,0.37764495611190796,0.49848267436027527,0.24919849634170532,0.9999984502792358,0.3783131241798401,0.4905671775341034,0.2494809776544571,0.999998152256012,0.37972041964530945,0.48277097940444946,0.24925783276557922,0.9999984502792358,0.38054534792900085,0.5204747915267944,0.24817319214344025,0.9999986290931702,0.38283318281173706,0.5283392071723938,0.24809379875659943,0.9999983906745911,0.38514167070388794,0.5363354682922363,0.24820688366889954,0.9999990463256836,0.3943093419075012,0.47038865089416504,0.41453874111175537,0.9999983906745911,0.39962878823280334,0.5491148233413696,0.4157295525074005,0.9999992847442627,0.4087272584438324,0.4938375949859619,0.2444172501564026,0.9999915957450867,0.41138288378715515,0.5229884386062622,0.2434087097644806,0.9999943971633911,0.4718436896800995,0.4201704263687134,0.4376206696033478,0.9998311400413513,0.47468701004981995,0.5989685654640198,0.430886447429657,0.999976396560669,0.4571625292301178,0.3335746228694916,0.5238860249519348,0.987736165523529,0.4612976312637329,0.6828729510307312,0.47914981842041016,0.9963070750236511,0.32723188400268555,0.393825501203537,0.7944459319114685,0.9498498439788818,0.3414432406425476,0.6306687593460083,0.7173046469688416,0.9843364953994751,0.306665301322937,0.41468194127082825,0.8152361512184143,0.8265557885169983,0.316349595785141,0.6150314211845398,0.7441123127937317,0.9482932686805725,0.30557090044021606,0.425648957490921,0.8556731343269348,0.7920170426368713,0.31587356328964233,0.6026431322097778,0.7784411907196045,0.9305122494697571,0.3158062994480133,0.42220360040664673,0.811505138874054,0.7792565822601318,0.32524430751800537,0.6051821112632751,0.7327731251716614,0.9161495566368103,0.6793173551559448,0.43671756982803345,-0.01384898740798235,0.9999058246612549,0.6749835014343262,0.5776481032371521,0.014088642783463001,0.9999444484710693,0.6882258057594299,0.3357740640640259,-0.5439088940620422,0.9949503540992737,0.6968241333961487,0.6925497651100159,-0.5623632073402405,0.9958853125572205,0.8920474648475647,0.34936344623565674,-0.5103763341903687,0.9457888603210449,0.9247863292694092,0.6990299224853516,-0.5617541670799255,0.9692972302436829,0.9454221129417419,0.3765714466571808,-0.5105764269828796,0.9403772950172424,0.965676486492157,0.6687849760055542,-0.5622667074203491,0.9429724216461182,0.9778906106948853,0.26870590448379517,-0.6807140707969666,0.9461835026741028,1.0047262907028198,0.7729169726371765,-0.7520375847816467,0.9507148861885071,127,0
0.391661137342453,0.509364664554596,0.21811775863170624,0.9999988675117493,0.3776535987854004,0.4978819489479065,0.2756754755973816,0.9999984502792358,0.37833139300346375,0.4900566637516022,0.27593809366226196,0.999998152256012,0.37974607944488525,0.48254474997520447,0.27572357654571533,0.9999984502792358,0.38027748465538025,0.5203438997268677,0.2751881182193756,0.9999986886978149,0.3822436034679413,0.528306245803833,0.2751328945159912,0.9999984502792358,0.38403457403182983,0.5363194942474365,0.2752235531806946,0.9999991059303284,0.3940804600715637,0.4703311324119568,0.44769152998924255,0.9999983310699463,0.39712122082710266,0.5487511157989502,0.4522518217563629,0.9999993443489075,0.4093852639198303,0.4932290017604828,0.27133211493492126,0.9999912977218628,0.4113782048225403,0.5224217772483826,0.2712697386741638,0.9999944567680359,0.47213196754455566,0.4201590418815613,0.46317532658576965,0.9998282790184021,0.4740627408027649,0.5958952903747559,0.46407338976860046,0.999977707862854,0.47507742047309875,0.3318392038345337,0.4661657214164734,0.9884470105171204,0.47914212942123413,0.6833718419075012,0.47407570481300354,0.9965627193450928,0.3510996103286743,0.3936447203159332,0.6886446475982666,0.9512255191802979,0.36725300550460815,0.6358869671821594,0.6461748480796814,0.9848031401634216,0.3359094560146332,0.4155309200286865,0.6999132037162781,0.8264651894569397,0.344116747379303,0.6154133081436157,0.6475451588630676,0.9460933804512024,0.33458468317985535,0.4264147877693176,0.7543840408325195,0.7916325330734253,0.34329670667648315,0.6032201051712036,0.6948050856590271,0.9278436303138733,0.34297996759414673,0.4223840832710266,0.7101873159408569,0.7794111371040344,0.35124674439430237,0.606680691242218,0.6622189879417419,0.9138568639755249,0.6739393472671509,0.43626081943511963,-0.013860906474292278,0.9998984336853027,0.6655474305152893,0.5769932270050049,0.014095588587224483,0.9999412894248962,0.6845393776893616,0.33571451902389526,-0.5507282614707947,0.9949591159820557,0.69728684425354,0.6918968558311462,-0.575680673122406,0.9959572553634644,0.8916005492210388,0.34933093190193176,-0.5311111211776733,0.9461621642112732,0.9246405959129333,0.6992565393447876,-0.581264317035675,0.9704504013061523,0.9450908899307251,0.3764026463031769,-0.5329655408859253,0.938654899597168,0.9655911922454834,0.6692379713058472,-0.5819893479347229,0.943382978439331,0.9778791069984436,0.26908451318740845,-0.7190228700637817,0.9448753595352173,1.004345417022705,0.7770315408706665,-0.7797690033912659,0.9504305124282837,128,0
0.3922833502292633,0.5093345046043396,0.26147663593292236,0.9999986886978149,0.3780679702758789,0.4978775978088379,0.31188562512397766,0.9999980926513672,0.37870723009109497,0.490057110786438,0.3121246099472046,0.9999977350234985,0.38001710176467896,0.48258867859840393,0.31189772486686707,0.9999980926513672,0.380447655916214,0.520346999168396,0.3150559067726135,0.9999984502792358,0.3822828233242035,0.5283141136169434,0.31509044766426086,0.9999982714653015,0.38404935598373413,0.5363044142723083,0.3152008354663849,0.9999989867210388,0.39405179023742676,0.4704037010669708,0.4732753336429596,0.9999979734420776,0.39646509289741516,0.5479416251182556,0.4741043746471405,0.9999992847442627,0.4102267920970917,0.4929538071155548,0.30661872029304504,0.9999887347221375,0.41151297092437744,0.5216987729072571,0.3122047185897827,0.9999933838844299,0.47212374210357666,0.42000243067741394,0.47635209560394287,0.9998282194137573,0.47298938035964966,0.5934523940086365,0.4989676773548126,0.9999784231185913,0.4893767237663269,0.3314663767814636,0.4603123068809509,0.9889817237854004,0.4957042932510376,0.6805734634399414,0.48473113775253296,0.996763288974762,0.37728431820869446,0.39249512553215027,0.636824369430542,0.9520173072814941,0.3789823651313782,0.6354429125785828,0.648322582244873,0.9850996732711792,0.36387544870376587,0.4144740104675293,0.6413121819496155,0.8266023993492126,0.3597702980041504,0.6152232885360718,0.6452171206474304,0.9439648985862732,0.36356818675994873,0.4244321286678314,0.6922235488891602,0.7918902635574341,0.3599565327167511,0.6032451391220093,0.6882588863372803,0.9254145622253418,0.37111392617225647,0.42066237330436707,0.6563785076141357,0.7802309393882751,0.36724987626075745,0.6071900725364685,0.6628056764602661,0.9117078185081482,0.6692873239517212,0.43582355976104736,-0.015742342919111252,0.9998892545700073,0.6605409383773804,0.5763420462608337,0.01600155048072338,0.9999369978904724,0.6846923232078552,0.33573904633522034,-0.5203914642333984,0.9946832060813904,0.697773814201355,0.6915612816810608,-0.538992702960968,0.9959346652030945,0.8920484185218811,0.3493746817111969,-0.5111386775970459,0.9443497061729431,0.9247515201568604,0.699251651763916,-0.5501147508621216,0.9712405204772949,0.9454918503761292,0.377061665058136,-0.513928234577179,0.9354974627494812,0.9655781388282776,0.6685529947280884,-0.5522891879081726,0.9442521929740906,0.9780232310295105,0.26889872550964355,-0.6898917555809021,0.9414408206939697,1.0031578540802002,0.7769114971160889,-0.7390581369400024,0.9497981071472168,129,0
0.39327767491340637,0.5094224214553833,0.24220061302185059,0.9999979138374329,0.37953272461891174,0.49789735674858093,0.29891544580459595,0.9999964833259583,0.38062193989753723,0.4900548756122589,0.29912009835243225,0.9999958872795105,0.3822638988494873,0.48258864879608154,0.2989434003829956,0.9999964237213135,0.38094115257263184,0.5205949544906616,0.29915425181388855,0.9999971389770508,0.3825603723526001,0.5286577939987183,0.2991849482059479,0.9999969601631165,0.38417360186576843,0.5365026593208313,0.2991790175437927,0.999998152256012,0.3952384293079376,0.4704191982746124,0.4728497862815857,0.9999964833259583,0.3965654969215393,0.5479277968406677,0.4770166575908661,0.9999988079071045,0.4120601415634155,0.49291205406188965,0.2945709824562073,0.9999819397926331,0.41245654225349426,0.5216682553291321,0.29666614532470703,0.99998939037323,0.47223228216171265,0.4199126660823822,0.45928484201431274,0.9998356699943542,0.4726603031158447,0.5928192734718323,0.48124170303344727,0.999977707862854,0.503653883934021,0.33182087540626526,0.28853839635849,0.9898322224617004,0.5105633735656738,0.6789172291755676,0.3586709797382355,0.9970081448554993,0.39483970403671265,0.3928373157978058,0.25624436140060425,0.955864667892456,0.3951331377029419,0.6356691718101501,0.36758241057395935,0.985969603061676,0.3826713263988495,0.4145564138889313,0.22728972136974335,0.8380605578422546,0.37672159075737,0.618497371673584,0.3346615731716156,0.9448614716529846,0.3822280168533325,0.42539918422698975,0.2842765152454376,0.8054322004318237,0.37677448987960815,0.6074647903442383,0.38515323400497437,0.9266899228096008,0.38917964696884155,0.4218316078186035,0.2730688154697418,0.7938128113746643,0.3846471309661865,0.6109147667884827,0.3802095949649811,0.913150429725647,0.6650556921958923,0.4358917772769928,-0.01592583768069744,0.9998752474784851,0.658283531665802,0.5757906436920166,0.016171516850590706,0.9999289512634277,0.6831347942352295,0.33491456508636475,-0.5568747520446777,0.9943164587020874,0.698544979095459,0.6916948556900024,-0.5892171859741211,0.9958882331848145,0.8921576738357544,0.3493781089782715,-0.5216729640960693,0.9433325529098511,0.9246680736541748,0.6992650628089905,-0.5642048716545105,0.9722437858581543,0.9452015161514282,0.3772467076778412,-0.5209493637084961,0.9335553050041199,0.9650699496269226,0.6685861945152283,-0.5622678399085999,0.9457502961158752,0.9775289297103882,0.2694232761859894,-0.7225486636161804,0.9388274550437927,1.0027908086776733,0.7768333554267883,-0.7705696225166321,0.9496046900749207,130,0
0.39384955167770386,0.5096239447593689,0.24570664763450623,0.9999978542327881,0.38062921166419983,0.4982977509498596,0.30082717537879944,0.9999964833259583,0.38199153542518616,0.4903421700000763,0.3010317385196686,0.9999958872795105,0.38391992449760437,0.4828321635723114,0.3008134067058563,0.9999963641166687,0.38153916597366333,0.5212623476982117,0.30000150203704834,0.999997079372406,0.3831656277179718,0.5294597148895264,0.30003002285957336,0.9999969005584717,0.3848233222961426,0.5370111465454102,0.3000352680683136,0.9999980926513672,0.3969757854938507,0.47075024247169495,0.460948646068573,0.9999966025352478,0.39752066135406494,0.5481117367744446,0.4630220830440521,0.9999988079071045,0.41340121626853943,0.49290233850479126,0.2955854535102844,0.9999828338623047,0.4135681986808777,0.5216848850250244,0.29569247364997864,0.9999898076057434,0.4749787449836731,0.41920942068099976,0.4344554841518402,0.999847948551178,0.4757186770439148,0.5928136110305786,0.4413772523403168,0.9999781847000122,0.5237487554550171,0.3319481611251831,0.1944328248500824,0.9905862212181091,0.5289832353591919,0.6760998964309692,0.21302685141563416,0.9971959590911865,0.40680745244026184,0.39351868629455566,0.06442615389823914,0.9598388075828552,0.40830835700035095,0.635145366191864,0.07415857166051865,0.9870402216911316,0.3961154520511627,0.41541025042533875,0.024486783891916275,0.8520559072494507,0.3908173739910126,0.6184061765670776,0.02431199513375759,0.9484134316444397,0.39574530720710754,0.42592743039131165,0.07839310169219971,0.8221477270126343,0.39070603251457214,0.607280969619751,0.07933922111988068,0.9313625693321228,0.40128567814826965,0.42257997393608093,0.07943588495254517,0.8111765384674072,0.39948272705078125,0.6105170249938965,0.08542285114526749,0.9187641739845276,0.660884439945221,0.43583881855010986,-0.012794287875294685,0.9998725056648254,0.6553623676300049,0.573448896408081,0.012990575283765793,0.9999263882637024,0.6847413182258606,0.3340533375740051,-0.5344687700271606,0.994414210319519,0.6973161101341248,0.6917024254798889,-0.5506545305252075,0.9959366917610168,0.8919211030006409,0.3493938148021698,-0.379867821931839,0.9431284666061401,0.9221800565719604,0.699033796787262,-0.44124963879585266,0.9737489819526672,0.9438373446464539,0.37805360555648804,-0.3680131137371063,0.9328811764717102,0.9600504040718079,0.6673692464828491,-0.43102505803108215,0.9473217129707336,0.9770766496658325,0.2695704698562622,-0.5512029528617859,0.935128390789032,1.0023547410964966,0.7761660814285278,-0.6328193545341492,0.9498916864395142,131,0
0.3948576748371124,0.509600043296814,0.18802888691425323,0.9999974966049194,0.3818150460720062,0.49829593300819397,0.24781456589698792,0.9999961853027344,0.38344693183898926,0.49028483033180237,0.24795986711978912,0.9999955892562866,0.3856065571308136,0.48273566365242004,0.24777863919734955,0.9999960064888,0.3824177384376526,0.5214321613311768,0.24475885927677155,0.9999967217445374,0.38411015272140503,0.5296478867530823,0.2448023408651352,0.999996542930603,0.3858911693096161,0.5370952486991882,0.2447429895401001,0.9999978542327881,0.3979814648628235,0.4709942936897278,0.4520183801651001,0.9999964237213135,0.3984268009662628,0.548573911190033,0.4454997181892395,0.9999986886978149,0.4156009554862976,0.49287304282188416,0.25509899854660034,0.999982476234436,0.4157264232635498,0.5217399001121521,0.25199130177497864,0.99998939037323,0.4755445122718811,0.4192054867744446,0.4400123357772827,0.9998584985733032,0.47867971658706665,0.593022882938385,0.43609780073165894,0.9999778866767883,0.5384976267814636,0.3324280381202698,0.1321985274553299,0.9910369515419006,0.5431718230247498,0.6683255434036255,0.14568977057933807,0.9972653388977051,0.42024725675582886,0.39404967427253723,-0.10080098360776901,0.963237464427948,0.4192868769168854,0.6327090263366699,-0.0531461164355278,0.9876862168312073,0.4061594307422638,0.41907602548599243,-0.15764643251895905,0.8639083504676819,0.40383777022361755,0.6121031045913696,-0.11350148171186447,0.9499826431274414,0.40491440892219543,0.4273779094219208,-0.0996403768658638,0.8363539576530457,0.40386903285980225,0.6062670350074768,-0.05563005432486534,0.9335971474647522,0.41130727529525757,0.422763854265213,-0.08696009963750839,0.8255064487457275,0.4107619822025299,0.6101343035697937,-0.041703324764966965,0.9210668802261353,0.6586759090423584,0.4358535706996918,-0.011313732713460922,0.9998696446418762,0.6552892327308655,0.5733110308647156,0.01148189976811409,0.9999247789382935,0.684806764125824,0.33263787627220154,-0.5422599911689758,0.9941716194152832,0.6940255761146545,0.6919389367103577,-0.5674538016319275,0.9957596659660339,0.8907628059387207,0.34934911131858826,-0.3966819643974304,0.9417070746421814,0.9200009107589722,0.6987116932868958,-0.46240419149398804,0.9751307368278503,0.9426349401473999,0.37804821133613586,-0.3849627673625946,0.9317286610603333,0.9581854343414307,0.6663888096809387,-0.4513894319534302,0.9490479230880737,0.9758819937705994,0.26938262581825256,-0.5807857513427734,0.9308581352233887,1.0021904706954956,0.7749707102775574,-0.6663535833358765,0.9502809643745422,132,0
0.39447739720344543,0.5089665651321411,0.20587608218193054,0.9999974370002747,0.3814772367477417,0.49798697233200073,0.26366451382637024,0.9999962449073792,0.3832625150680542,0.49004268646240234,0.2637825906276703,0.9999956488609314,0.38558316230773926,0.4825439751148224,0.263553649187088,0.9999960660934448,0.38188856840133667,0.521357536315918,0.25972920656204224,0.9999967217445374,0.3836787939071655,0.5296510457992554,0.2597883939743042,0.9999964833259583,0.38564783334732056,0.5371294617652893,0.2597692310810089,0.9999977946281433,0.3979656398296356,0.4709813892841339,0.462120920419693,0.9999964833259583,0.39845508337020874,0.5496034622192383,0.45005714893341064,0.9999986886978149,0.41548576951026917,0.4926276206970215,0.27036982774734497,0.9999825358390808,0.4157036542892456,0.5217955112457275,0.2659626603126526,0.9999892115592957,0.4760721027851105,0.41926121711730957,0.4523324966430664,0.9998651146888733,0.47862398624420166,0.5965608358383179,0.4451844096183777,0.9999763369560242,0.5593550801277161,0.33759576082229614,0.17895419895648956,0.9910444021224976,0.551601231098175,0.6541692018508911,0.18158304691314697,0.9968816637992859,0.4321710169315338,0.3943946659564972,-0.02896060422062874,0.9661509394645691,0.4303486943244934,0.628096878528595,-0.010117319412529469,0.9876578450202942,0.4179776906967163,0.42074349522590637,-0.07780089229345322,0.8746052384376526,0.4167061746120453,0.6080644726753235,-0.06276774406433105,0.949091911315918,0.4154970049858093,0.4282943606376648,-0.02583891525864601,0.849277138710022,0.41783496737480164,0.606564462184906,-0.010199171490967274,0.9327806830406189,0.4212445020675659,0.4233502447605133,-0.016503265127539635,0.8384107351303101,0.42333611845970154,0.6098436117172241,-0.0002474531065672636,0.919938862323761,0.6577032208442688,0.43878886103630066,-0.010359179228544235,0.9998591542243958,0.6551225781440735,0.5733593702316284,0.010522641241550446,0.9999191164970398,0.6843767166137695,0.33054181933403015,-0.49514368176460266,0.9939166903495789,0.6902074217796326,0.6910790801048279,-0.56124347448349,0.9955899119377136,0.8908367156982422,0.34935036301612854,-0.3837242126464844,0.9401164650917053,0.9194222092628479,0.6967946887016296,-0.45968466997146606,0.9759290814399719,0.9423549175262451,0.37816470861434937,-0.3759080171585083,0.9296215772628784,0.957043468952179,0.6647709608078003,-0.4498254656791687,0.9489215016365051,0.9762066006660461,0.2662788927555084,-0.5567753911018372,0.9248065948486328,0.9992823004722595,0.7730785608291626,-0.646225094795227,0.9477538466453552,133,0
0.39358359575271606,0.5088661313056946,0.21077844500541687,0.9999971389770508,0.3807458281517029,0.4976602792739868,0.26350516080856323,0.9999960064888,0.3828348219394684,0.4895460605621338,0.2636224627494812,0.9999953508377075,0.3854637145996094,0.4818626344203949,0.2633710205554962,0.9999958276748657,0.38093888759613037,0.5213199257850647,0.26180487871170044,0.9999963641166687,0.3829001188278198,0.5296604633331299,0.26184678077697754,0.9999960660934448,0.38517680764198303,0.5371778607368469,0.26184454560279846,0.9999974370002747,0.39810991287231445,0.46974417567253113,0.4390258491039276,0.9999961256980896,0.3986148536205292,0.5501007437705994,0.43736112117767334,0.9999983310699463,0.41529443860054016,0.49207350611686707,0.2678464353084564,0.9999811053276062,0.4154999852180481,0.5218038558959961,0.26584938168525696,0.999987781047821,0.47639167308807373,0.41593503952026367,0.4260786771774292,0.9998589754104614,0.48276105523109436,0.5968229174613953,0.44066256284713745,0.9999716281890869,0.568612813949585,0.35082387924194336,0.1912122368812561,0.9903996586799622,0.5670926570892334,0.6437923908233643,0.23060837388038635,0.99629807472229,0.441863089799881,0.39467355608940125,0.05625230446457863,0.9682117700576782,0.4444718658924103,0.6283895969390869,0.06997929513454437,0.9875036478042603,0.4260796308517456,0.41846004128456116,0.02161526493728161,0.8830801844596863,0.42755332589149475,0.613466203212738,0.025823228061199188,0.9485090374946594,0.42245087027549744,0.4265081286430359,0.06800492107868195,0.8594912886619568,0.4275168478488922,0.6110456585884094,0.070536307990551,0.932335376739502,0.4285026788711548,0.4221273362636566,0.06843382865190506,0.8484898805618286,0.43389323353767395,0.612160325050354,0.0768551304936409,0.9194026589393616,0.658287763595581,0.4387507140636444,-0.01062827743589878,0.9998282790184021,0.6572465300559998,0.5712215900421143,0.010790280066430569,0.999901294708252,0.6798389554023743,0.3289979100227356,-0.515701174736023,0.9937768578529358,0.6843205690383911,0.691723644733429,-0.5554715991020203,0.9955911040306091,0.8889672756195068,0.348861962556839,-0.37488433718681335,0.9382371306419373,0.9193354845046997,0.6964049935340881,-0.45143455266952515,0.9771091341972351,0.938941240310669,0.37790656089782715,-0.3627307415008545,0.9265815615653992,0.9566355347633362,0.6641467213630676,-0.4404008686542511,0.9497863054275513,0.976214587688446,0.2654377520084381,-0.530998945236206,0.9193909764289856,0.9979625940322876,0.7730820178985596,-0.6267316937446594,0.9476804733276367,134,0
0.3935713469982147,0.5078912377357483,0.18539667129516602,0.999996542930603,0.38073861598968506,0.4961664378643036,0.23679257929325104,0.9999952912330627,0.3828578293323517,0.48790988326072693,0.23687580227851868,0.9999945759773254,0.3855748176574707,0.47994616627693176,0.23663835227489471,0.9999951124191284,0.38084325194358826,0.5207147598266602,0.2369549572467804,0.9999955892562866,0.382792592048645,0.5294391512870789,0.23698846995830536,0.9999952912330627,0.3851134777069092,0.5371299982070923,0.23699608445167542,0.9999969005584717,0.3991062343120575,0.4671962261199951,0.417974054813385,0.999995231628418,0.3993273377418518,0.550309419631958,0.4238346219062805,0.9999977350234985,0.4153279960155487,0.4907037019729614,0.24455785751342773,0.9999775886535645,0.41546761989593506,0.5214862823486328,0.24507388472557068,0.9999849200248718,0.47913140058517456,0.41246283054351807,0.4170152544975281,0.9998464584350586,0.4850885570049286,0.5969492197036743,0.4374346435070038,0.9999670386314392,0.5743016004562378,0.35686230659484863,0.17385052144527435,0.9893777370452881,0.5847142934799194,0.6339707374572754,0.2273816168308258,0.9956374764442444,0.4449584186077118,0.39488479495048523,0.017506010830402374,0.9697766900062561,0.45749032497406006,0.6301300525665283,0.03816438093781471,0.9876895546913147,0.4285711646080017,0.41851726174354553,-0.021281305700540543,0.889876127243042,0.43859657645225525,0.6243690848350525,-0.009900554083287716,0.9495623111724854,0.4256492853164673,0.4264453053474426,0.02437088079750538,0.8676897287368774,0.4372732937335968,0.6207486391067505,0.027620410546660423,0.933974027633667,0.4319542348384857,0.42187103629112244,0.028928691521286964,0.856572687625885,0.4439440369606018,0.6170186996459961,0.042528364807367325,0.9211841821670532,0.6623585224151611,0.4384525418281555,-0.010732798837125301,0.9998068809509277,0.662254273891449,0.5700629949569702,0.010898229666054249,0.999886155128479,0.6792401075363159,0.32695358991622925,-0.5274960398674011,0.9934472441673279,0.681571900844574,0.691908061504364,-0.5585012435913086,0.995460033416748,0.8890982866287231,0.34831881523132324,-0.3885386884212494,0.9350906014442444,0.9193474054336548,0.6960678100585938,-0.45096099376678467,0.9780415296554565,0.9385600686073303,0.3779031038284302,-0.3756333887577057,0.9241374135017395,0.9568384885787964,0.66417396068573,-0.439594566822052,0.9504644274711609,0.976222574710846,0.2642848789691925,-0.5472004413604736,0.9144643545150757,0.9957917928695679,0.7730846405029297,-0.6301494836807251,0.9477547407150269,135,0
0.39278948307037354,0.5078249573707581,0.19125176966190338,0.9999966025352478,0.38083186745643616,0.49593186378479004,0.24255156517028809,0.9999954104423523,0.3831973373889923,0.4875723719596863,0.242631196975708,0.999994695186615,0.38624393939971924,0.47961297631263733,0.24238291382789612,0.999995231628418,0.38073718547821045,0.5204423666000366,0.24202986061573029,0.9999956488609314,0.3826444447040558,0.529235303401947,0.24205754697322845,0.9999953508377075,0.38496875762939453,0.5370007157325745,0.24208204448223114,0.9999969005584717,0.40050020813941956,0.4669695198535919,0.41689836978912354,0.9999952912330627,0.39964473247528076,0.5503438711166382,0.4188750088214874,0.9999976754188538,0.4148615300655365,0.49056583642959595,0.24718411266803741,0.9999783039093018,0.4139743745326996,0.5214933753013611,0.24659661948680878,0.9999850988388062,0.481541246175766,0.4127580225467682,0.4084979295730591,0.9998496770858765,0.4858410060405731,0.5969715118408203,0.42901983857154846,0.999965488910675,0.5760149359703064,0.35684293508529663,0.16124221682548523,0.9894437193870544,0.5906408429145813,0.6303888559341431,0.21657080948352814,0.9950101375579834,0.4528672695159912,0.39463889598846436,-0.0098117021843791,0.9720178842544556,0.4668107032775879,0.6328917741775513,0.00101097219157964,0.9881511926651001,0.4370995759963989,0.41741254925727844,-0.052053168416023254,0.8983814120292664,0.44691914319992065,0.6353951692581177,-0.05173157528042793,0.9517245292663574,0.4324932396411896,0.42526763677597046,-0.007703172508627176,0.8779546618461609,0.44565442204475403,0.6311303377151489,-0.01710464432835579,0.936983048915863,0.43832412362098694,0.4214813709259033,0.0009505017660558224,0.8671813607215881,0.45262467861175537,0.6237453818321228,0.0034400506410747766,0.9246050715446472,0.6654794216156006,0.43815964460372925,-0.010701695457100868,0.9998028874397278,0.6645565629005432,0.5701296329498291,0.010869322344660759,0.9998803734779358,0.6801416277885437,0.3271658718585968,-0.5249191522598267,0.9933720827102661,0.6807618141174316,0.6907167434692383,-0.5414922833442688,0.9954284429550171,0.8890901207923889,0.34820377826690674,-0.367921382188797,0.9330134987831116,0.9169776439666748,0.6954206228256226,-0.4322666823863983,0.9788597226142883,0.9377029538154602,0.3776519000530243,-0.3542213439941406,0.9219266176223755,0.9557501077651978,0.6641080975532532,-0.4207908511161804,0.9501270651817322,0.9762041568756104,0.2632807493209839,-0.5175255537033081,0.9097705483436584,0.99582839012146,0.7722538709640503,-0.6053649187088013,0.9468330144882202,136,0
0.39244040846824646,0.5081400275230408,0.19751137495040894,0.999996542930603,0.38082578778266907,0.4961099326610565,0.25370049476623535,0.9999954104423523,0.38318192958831787,0.4877699315547943,0.2538158595561981,0.999994695186615,0.38624709844589233,0.47979936003685,0.2535801827907562,0.999995231628418,0.38060835003852844,0.520733654499054,0.25252193212509155,0.9999955892562866,0.38255757093429565,0.5296786427497864,0.2525303363800049,0.9999952912330627,0.384934663772583,0.5374295711517334,0.2525460422039032,0.9999968409538269,0.40078845620155334,0.4670236110687256,0.42515888810157776,0.9999952912330627,0.3998660147190094,0.5506928563117981,0.42949169874191284,0.9999975562095642,0.41455182433128357,0.49089983105659485,0.2567649483680725,0.9999787211418152,0.41348621249198914,0.5224308967590332,0.25532570481300354,0.9999849796295166,0.4823058843612671,0.41298332810401917,0.41441506147384644,0.9998552799224854,0.4857989251613617,0.5969645380973816,0.43664926290512085,0.999963641166687,0.5789103507995605,0.35716724395751953,0.1746484488248825,0.9893932938575745,0.5919221639633179,0.6292121410369873,0.23339474201202393,0.9941875338554382,0.46135249733924866,0.3904434144496918,-0.0029745609499514103,0.9739913940429688,0.4695144593715668,0.6355432271957397,0.010279987007379532,0.988592267036438,0.4442165493965149,0.4114760160446167,-0.0448012501001358,0.9059994220733643,0.44979873299598694,0.6407096982002258,-0.04411909729242325,0.953810453414917,0.4387699067592621,0.41943079233169556,-0.0020168896298855543,0.887176513671875,0.4492851495742798,0.6379042863845825,-0.009234241209924221,0.939844012260437,0.4447581171989441,0.41659843921661377,0.007197108119726181,0.8766597509384155,0.4563693702220917,0.6290768980979919,0.012671909295022488,0.9278776049613953,0.665817379951477,0.43794143199920654,-0.010821948759257793,0.9998002648353577,0.6645566821098328,0.5697299838066101,0.010991986840963364,0.9998736381530762,0.6829125285148621,0.32815393805503845,-0.5165286660194397,0.9932976961135864,0.6817068457603455,0.6906717419624329,-0.5198633670806885,0.9954065680503845,0.8899978399276733,0.34822455048561096,-0.36685723066329956,0.9310594797134399,0.9154905080795288,0.6940257549285889,-0.4146323800086975,0.9794355630874634,0.937822163105011,0.3775959610939026,-0.35406693816185,0.9186975359916687,0.9539549350738525,0.6630688905715942,-0.4035308361053467,0.9495458006858826,0.9791146516799927,0.2619771659374237,-0.515860915184021,0.9038176536560059,0.9951281547546387,0.7722592949867249,-0.5808761119842529,0.9449678063392639,137,0
0.3913354277610779,0.5083122253417969,0.22363828122615814,0.9999967217445374,0.3804819583892822,0.4961365759372711,0.27047112584114075,0.9999957084655762,0.38292068243026733,0.48780280351638794,0.270521342754364,0.9999949932098389,0.38612988591194153,0.4798133969306946,0.27026548981666565,0.9999955296516418,0.3799052834510803,0.5208438634872437,0.2718195617198944,0.9999958276748657,0.3818261921405792,0.5298864245414734,0.2718549966812134,0.9999955892562866,0.3842867612838745,0.5376580357551575,0.2719212472438812,0.9999970197677612,0.4007568955421448,0.46695834398269653,0.4327208995819092,0.9999955892562866,0.399726003408432,0.5507543683052063,0.4342897832393646,0.9999976754188538,0.4134104251861572,0.49121442437171936,0.27218756079673767,0.9999802112579346,0.4123343229293823,0.5231348872184753,0.27363839745521545,0.9999858736991882,0.4826340079307556,0.41302695870399475,0.4192017614841461,0.9998621344566345,0.4854936897754669,0.5967137217521667,0.4469333589076996,0.9999644756317139,0.5774688124656677,0.358866423368454,0.18282420933246613,0.9896284937858582,0.5937641263008118,0.6299042701721191,0.2502497434616089,0.9934379458427429,0.46711912751197815,0.3876228928565979,-0.004607074894011021,0.9759019017219543,0.47928914427757263,0.6431390047073364,-0.0006009296048432589,0.9891738295555115,0.4495803415775299,0.4070814847946167,-0.04501783475279808,0.9133955240249634,0.4580511152744293,0.6530067920684814,-0.05725214257836342,0.956537663936615,0.4433305561542511,0.41616347432136536,-0.006496061105281115,0.8961431384086609,0.45598942041397095,0.6494839191436768,-0.02702837996184826,0.9435262084007263,0.4497058689594269,0.4134494662284851,0.004156226757913828,0.8860597014427185,0.463726282119751,0.640299379825592,-0.0005999148706905544,0.9322071075439453,0.6657010912895203,0.4378500282764435,-0.011866732500493526,0.9997971057891846,0.6634500026702881,0.5694727301597595,0.012044482864439487,0.9998701810836792,0.6862761974334717,0.32960858941078186,-0.5159414410591125,0.9935652017593384,0.6838857531547546,0.6906904578208923,-0.5236256718635559,0.995621383190155,0.8900352716445923,0.3486475646495819,-0.38526245951652527,0.9322850704193115,0.9152873158454895,0.6940723657608032,-0.44057390093803406,0.9805858731269836,0.9375477433204651,0.37792500853538513,-0.3757777214050293,0.9189551472663879,0.9541940689086914,0.6635143160820007,-0.4332446753978729,0.9510889053344727,0.9790606498718262,0.26241403818130493,-0.5387327671051025,0.903641402721405,0.9948320388793945,0.7728627324104309,-0.6164534687995911,0.9458911418914795,138,0
0.3904426395893097,0.5085370540618896,0.2609160542488098,0.9999970197677612,0.3804299831390381,0.496199369430542,0.30608224868774414,0.9999960660934448,0.3829058110713959,0.4878424108028412,0.3061387836933136,0.9999954104423523,0.3860924541950226,0.479824423789978,0.3058898150920868,0.9999958872795105,0.37970778346061707,0.5209183692932129,0.30824220180511475,0.9999961853027344,0.3815727233886719,0.5299721956253052,0.3082662522792816,0.9999959468841553,0.38399073481559753,0.5377277731895447,0.3083409368991852,0.9999972581863403,0.40088415145874023,0.46691495180130005,0.4431203305721283,0.9999959468841553,0.3996541500091553,0.5507595539093018,0.4559483230113983,0.9999978542327881,0.4122326970100403,0.4914802014827728,0.3031124770641327,0.9999819397926331,0.41058263182640076,0.5234988927841187,0.30538511276245117,0.999987006187439,0.4832681715488434,0.4132702946662903,0.42419520020484924,0.9998713731765747,0.48524102568626404,0.5961555242538452,0.46489712595939636,0.9999667406082153,0.577006459236145,0.35960736870765686,0.1998814344406128,0.9900400638580322,0.5934516191482544,0.630645215511322,0.2522866427898407,0.9931111931800842,0.47106218338012695,0.38397079706192017,0.01701080985367298,0.9778664708137512,0.4844147264957428,0.6488381624221802,0.002898801350966096,0.9899064898490906,0.45353779196739197,0.4016038179397583,-0.020858919247984886,0.9207912683486938,0.4620259404182434,0.6587076783180237,-0.051548995077610016,0.9597029685974121,0.44716575741767883,0.41256582736968994,0.014681852422654629,0.9050841927528381,0.4592965245246887,0.6537017226219177,-0.023334797471761703,0.9477084875106812,0.4533931612968445,0.4102320075035095,0.025177258998155594,0.8956734538078308,0.46736979484558105,0.6450108289718628,0.0024051470682024956,0.9372677206993103,0.6655592918395996,0.43781596422195435,-0.012669490650296211,0.9998010993003845,0.6619172692298889,0.569503664970398,0.01282406598329544,0.9998724460601807,0.6874850392341614,0.3315316140651703,-0.5200217962265015,0.9938379526138306,0.6868866086006165,0.6905988454818726,-0.5251603722572327,0.9958460330963135,0.890296459197998,0.34902799129486084,-0.39299267530441284,0.9335588812828064,0.9150967597961426,0.6940966248512268,-0.4543498754501343,0.9816186428070068,0.9376523494720459,0.37801453471183777,-0.3822793662548065,0.919853687286377,0.9543726444244385,0.6636730432510376,-0.4467870593070984,0.9525424242019653,0.9793134331703186,0.26196667551994324,-0.5583534836769104,0.9052250981330872,0.9942487478256226,0.7730460166931152,-0.6337343454360962,0.9471957683563232,139,0
0.39022716879844666,0.5087890028953552,0.2611493468284607,0.9999972581863403,0.3804241418838501,0.49653923511505127,0.30725041031837463,0.9999963641166687,0.3828890919685364,0.48813289403915405,0.30731117725372314,0.999995768070221,0.38606375455856323,0.4800424873828888,0.307043194770813,0.9999961853027344,0.3797120153903961,0.5213826894760132,0.3090223968029022,0.9999964833259583,0.3815804421901703,0.5304161906242371,0.3090539276599884,0.9999962449073792,0.383996844291687,0.5380440354347229,0.30912598967552185,0.9999974370002747,0.40091317892074585,0.46693867444992065,0.44665858149528503,0.9999962449073792,0.3998549282550812,0.5508134961128235,0.4613043963909149,0.9999979734420776,0.4118855893611908,0.4915224015712738,0.30543646216392517,0.9999834299087524,0.4101833701133728,0.5235373973846436,0.30746158957481384,0.9999880194664001,0.4834071397781372,0.4133555293083191,0.4260824918746948,0.9998798966407776,0.48502227663993835,0.5952234268188477,0.46803519129753113,0.9999683499336243,0.5761125683784485,0.3591288626194,0.20737306773662567,0.990329384803772,0.5921489596366882,0.6312258839607239,0.2591937184333801,0.9927660226821899,0.4687921106815338,0.38342636823654175,0.030200129374861717,0.9795825481414795,0.4846750795841217,0.6519988179206848,0.004334439057856798,0.990519106388092,0.45239052176475525,0.40238556265830994,-0.008356175385415554,0.9272441864013672,0.4630270004272461,0.6605013012886047,-0.05198124051094055,0.962357759475708,0.44628575444221497,0.4130156338214874,0.02731846645474434,0.9128953218460083,0.45969218015670776,0.6547308564186096,-0.022904125973582268,0.9512237906455994,0.4519486129283905,0.4106805622577667,0.038567233830690384,0.9039813280105591,0.46765565872192383,0.6467475295066833,0.003925490193068981,0.9414997100830078,0.6650688052177429,0.4377676844596863,-0.012709704227745533,0.9998047351837158,0.660484254360199,0.5695759057998657,0.012857732363045216,0.9998733401298523,0.6874968409538269,0.33208131790161133,-0.5125523805618286,0.9940648674964905,0.6877222061157227,0.6904913783073425,-0.513534426689148,0.9960147142410278,0.8901790976524353,0.34933874011039734,-0.3980924189090729,0.9345587491989136,0.9134537577629089,0.6939603090286255,-0.4480859637260437,0.9824239611625671,0.9376458525657654,0.37803545594215393,-0.3898465633392334,0.9202427864074707,0.9541099667549133,0.6636948585510254,-0.4426345229148865,0.9532048106193542,0.9792801737785339,0.26304957270622253,-0.5551004409790039,0.9056212306022644,0.9933964610099792,0.7722909450531006,-0.6227331161499023,0.9477167725563049,140,0
0.3901818096637726,0.5088094472885132,0.27186691761016846,0.9999974370002747,0.3804803788661957,0.49667784571647644,0.3174721598625183,0.9999966025352478,0.3829454779624939,0.4882720708847046,0.31752949953079224,0.9999960660934448,0.386129230260849,0.48020488023757935,0.3172478973865509,0.9999964833259583,0.37974756956100464,0.5215734243392944,0.3193453252315521,0.9999967217445374,0.3816264569759369,0.5306300520896912,0.31938302516937256,0.999996542930603,0.38405394554138184,0.5382174253463745,0.319455623626709,0.999997615814209,0.4010753333568573,0.46707186102867126,0.45428919792175293,0.999996542930603,0.4002842605113983,0.5508905649185181,0.4691067636013031,0.9999980926513672,0.4118552803993225,0.4914984405040741,0.3145958185195923,0.9999848008155823,0.41013237833976746,0.5235265493392944,0.31674137711524963,0.9999889135360718,0.483625590801239,0.4134572148323059,0.4273066818714142,0.9998875260353088,0.4848748743534088,0.594678521156311,0.4734782576560974,0.999969482421875,0.5761870741844177,0.3590656816959381,0.2129160463809967,0.990619957447052,0.5930309295654297,0.6305181980133057,0.26169759035110474,0.9921875,0.4669446647167206,0.3838590979576111,0.057204220443964005,0.9811685085296631,0.4831705689430237,0.6520379185676575,0.005991033744066954,0.9910027980804443,0.45052844285964966,0.4037017524242401,0.021505169570446014,0.9331667423248291,0.4626178443431854,0.660598635673523,-0.04933705925941467,0.9645817875862122,0.44477102160453796,0.41401931643486023,0.05834302306175232,0.9200432896614075,0.4594310522079468,0.6551766991615295,-0.019272008910775185,0.9541608095169067,0.4506992697715759,0.4114857316017151,0.06653037667274475,0.9116293787956238,0.4670027494430542,0.6468130350112915,0.005880191922187805,0.9451060891151428,0.6637358665466309,0.43774646520614624,-0.01290355995297432,0.9998060464859009,0.6590425372123718,0.5694295167922974,0.013034657575190067,0.9998728036880493,0.6872485280036926,0.33260419964790344,-0.5088435411453247,0.9942882657051086,0.6883093118667603,0.690496563911438,-0.510080873966217,0.9961668848991394,0.8892977833747864,0.3498420715332031,-0.4015832245349884,0.9355953931808472,0.9122334122657776,0.6938555240631104,-0.45048609375953674,0.9831324219703674,0.9361677765846252,0.37851518392562866,-0.3943730294704437,0.92047518491745,0.9529191851615906,0.6636119484901428,-0.4459517002105713,0.9536973237991333,0.9790731072425842,0.2642943561077118,-0.5561907291412354,0.9065326452255249,0.9923132061958313,0.7711628079414368,-0.6238546371459961,0.9483148455619812,141,0
0.3901784420013428,0.5089559555053711,0.2741953134536743,0.999997615814209,0.3805176615715027,0.4968220889568329,0.32036474347114563,0.9999968409538269,0.3829699754714966,0.48840662837028503,0.32042866945266724,0.9999963641166687,0.3861495554447174,0.4803522825241089,0.3201568126678467,0.9999967217445374,0.3797806203365326,0.521809458732605,0.32269933819770813,0.9999969601631165,0.3816605806350708,0.5308585166931152,0.32273414731025696,0.9999967813491821,0.384082555770874,0.5383707880973816,0.32280614972114563,0.9999977350234985,0.40110766887664795,0.46711215376853943,0.45986127853393555,0.9999967813491821,0.40041297674179077,0.5509307980537415,0.47615790367126465,0.9999982118606567,0.4118238389492035,0.4915212094783783,0.3173913359642029,0.999985933303833,0.4101048409938812,0.5236068964004517,0.3201292157173157,0.9999896287918091,0.48394709825515747,0.413563072681427,0.4320651888847351,0.9998926520347595,0.48477527499198914,0.5945257544517517,0.4841627776622772,0.9999702572822571,0.5758215188980103,0.36006835103034973,0.23566478490829468,0.9907606244087219,0.5932503938674927,0.6300273537635803,0.2785036265850067,0.9914873838424683,0.46501123905181885,0.38437318801879883,0.09127554297447205,0.982478141784668,0.4819180369377136,0.6520923972129822,0.020805928856134415,0.9913010001182556,0.4479941725730896,0.40433934330940247,0.06075935438275337,0.9381843209266663,0.46189209818840027,0.660487174987793,-0.0331781841814518,0.9661668539047241,0.4429413676261902,0.4146118760108948,0.09195595979690552,0.9260912537574768,0.4588767886161804,0.6552199721336365,-0.002040321473032236,0.9562798738479614,0.4487933814525604,0.4119284749031067,0.1000073105096817,0.9180451035499573,0.4663265645503998,0.6469345092773438,0.0210857093334198,0.9477440118789673,0.6632485389709473,0.43784406781196594,-0.013538493774831295,0.9998032450675964,0.6585016250610352,0.5693275332450867,0.013654057867825031,0.999870777130127,0.6862348318099976,0.3329257369041443,-0.5096030831336975,0.9944867491722107,0.6882492899894714,0.6909460425376892,-0.5133164525032043,0.996312141418457,0.8872512578964233,0.35075223445892334,-0.41257086396217346,0.9364751577377319,0.9123055338859558,0.6938708424568176,-0.45869457721710205,0.9838418364524841,0.9342007040977478,0.3800726532936096,-0.4094272553920746,0.9206943511962891,0.9530321359634399,0.6636391878128052,-0.4584910273551941,0.9546605348587036,0.977952778339386,0.26666855812072754,-0.5653460025787354,0.9077218174934387,0.991767942905426,0.7729041576385498,-0.6262872219085693,0.9493223428726196,142,0
0.39020836353302,0.509101152420044,0.2659781873226166,0.9999977350234985,0.38052496314048767,0.4969636797904968,0.31339332461357117,0.9999970197677612,0.38296476006507874,0.4885571599006653,0.3134692311286926,0.999996542930603,0.3861275613307953,0.480518639087677,0.3132050037384033,0.9999969005584717,0.37982577085494995,0.5221393704414368,0.31520581245422363,0.999997079372406,0.38171443343162537,0.5312221646308899,0.3152391314506531,0.9999969601631165,0.38413533568382263,0.5386661887168884,0.3153058588504791,0.9999978542327881,0.40104538202285767,0.46713364124298096,0.4592512547969818,0.9999969601631165,0.40054434537887573,0.5510764718055725,0.47490909695625305,0.9999982714653015,0.4118274450302124,0.4915396571159363,0.3117868900299072,0.9999868273735046,0.4101429283618927,0.5236838459968567,0.31432443857192993,0.9999901652336121,0.4839784801006317,0.4135430157184601,0.43711939454078674,0.9998959302902222,0.4847846031188965,0.5944090485572815,0.48900505900382996,0.9999706745147705,0.5762449502944946,0.36069154739379883,0.24432441592216492,0.9907531142234802,0.593420147895813,0.6298322081565857,0.2889796793460846,0.9908739924430847,0.4649025797843933,0.3846641182899475,0.11095397919416428,0.983460009098053,0.480804443359375,0.6518799662590027,0.0366293340921402,0.9914832711219788,0.4470943510532379,0.4049338102340698,0.08068870007991791,0.9420925378799438,0.46088701486587524,0.6599496006965637,-0.017244094982743263,0.967244029045105,0.4421612322330475,0.4150850772857666,0.11522355675697327,0.9308087229728699,0.45794957876205444,0.6539719700813293,0.015410071238875389,0.9577463269233704,0.4480441212654114,0.41234517097473145,0.1206950843334198,0.9228901863098145,0.46554064750671387,0.6465599536895752,0.03755292296409607,0.9494916796684265,0.6632204651832581,0.4378524422645569,-0.014239986427128315,0.999798595905304,0.6585903763771057,0.5689645409584045,0.014356415718793869,0.9998673796653748,0.6851792931556702,0.3329671323299408,-0.5109928846359253,0.9946944117546082,0.6879456043243408,0.6917163133621216,-0.5171512961387634,0.9964655637741089,0.8862138986587524,0.3513331413269043,-0.4241337180137634,0.9377866983413696,0.9129717946052551,0.6941286325454712,-0.4695887863636017,0.984643816947937,0.9332555532455444,0.3811567723751068,-0.42132750153541565,0.9216777086257935,0.9540324807167053,0.6638491153717041,-0.47012054920196533,0.9560670852661133,0.9776018261909485,0.2684626579284668,-0.5800708532333374,0.9092469215393066,0.9914271831512451,0.7743526101112366,-0.6434600949287415,0.9506959319114685,143,0
0.3902122676372528,0.5093178749084473,0.2637321650981903,0.9999978542327881,0.3805276155471802,0.4971441626548767,0.30927759408950806,0.9999971389770508,0.3829604387283325,0.4886997938156128,0.30934029817581177,0.9999967217445374,0.38610872626304626,0.4806305170059204,0.3090612590312958,0.9999970197677612,0.37985488772392273,0.522599458694458,0.3126155138015747,0.9999971985816956,0.3817535638809204,0.5316936373710632,0.3126692771911621,0.999997079372406,0.3841775953769684,0.5390639305114746,0.3127448856830597,0.9999979138374329,0.4010128974914551,0.4671551287174225,0.4579713046550751,0.999997079372406,0.4007405638694763,0.5513589382171631,0.4729616641998291,0.9999983310699463,0.411825031042099,0.491567462682724,0.3107665479183197,0.9999875426292419,0.41015592217445374,0.5238239169120789,0.3128649592399597,0.9999906420707703,0.48396700620651245,0.4134436249732971,0.43800532817840576,0.9998989105224609,0.4849390387535095,0.5944195985794067,0.4858241081237793,0.9999706149101257,0.5761776566505432,0.36091259121894836,0.2437046766281128,0.9907838702201843,0.5935056805610657,0.6296347975730896,0.2881556451320648,0.9903858304023743,0.46369531750679016,0.3851524889469147,0.10883702337741852,0.9843863248825073,0.47969144582748413,0.651759922504425,0.03546750545501709,0.991596519947052,0.4462680518627167,0.40523549914360046,0.07849932461977005,0.9456502795219421,0.4596783518791199,0.6598085761070251,-0.019275696948170662,0.9680121541023254,0.44096142053604126,0.4151636064052582,0.11236237734556198,0.9350977540016174,0.45688343048095703,0.6534882187843323,0.013542938977479935,0.9588407874107361,0.4473058581352234,0.4124697148799896,0.11876406520605087,0.9272500276565552,0.46461221575737,0.6463623046875,0.036251362413167953,0.9507272839546204,0.6633526086807251,0.4377903640270233,-0.014513523317873478,0.9997961521148682,0.6592248678207397,0.5687521696090698,0.014632144942879677,0.9998646974563599,0.6843690872192383,0.3329659700393677,-0.5159803032875061,0.99485844373703,0.68702232837677,0.6927134990692139,-0.5177751779556274,0.9965750575065613,0.8856038451194763,0.35178130865097046,-0.4258091151714325,0.9388108849525452,0.9137654900550842,0.694288432598114,-0.4695048928260803,0.9853418469429016,0.9326773881912231,0.3819299638271332,-0.4219593107700348,0.9227319955825806,0.9551433324813843,0.6641218066215515,-0.469810426235199,0.9572201371192932,0.9773363471031189,0.2690713703632355,-0.5832557082176208,0.9104892015457153,0.9913286566734314,0.7759100794792175,-0.6437203288078308,0.951840877532959,144,0
0.3902386724948883,0.5094259977340698,0.2560756802558899,0.9999979734420776,0.38063231110572815,0.4974386394023895,0.30145153403282166,0.9999972581863403,0.38299039006233215,0.48900821805000305,0.301510751247406,0.9999969005584717,0.3861013650894165,0.4809504747390747,0.30122101306915283,0.9999971389770508,0.3801250159740448,0.5230002999305725,0.3039305806159973,0.9999973177909851,0.3820849359035492,0.5320508480072021,0.30396947264671326,0.9999971985816956,0.3845522999763489,0.5393174290657043,0.30403146147727966,0.9999980330467224,0.4009787440299988,0.467408686876297,0.45039281249046326,0.9999972581863403,0.40135297179222107,0.5515656471252441,0.4635109305381775,0.9999983906745911,0.41186296939849854,0.4915698766708374,0.30223897099494934,0.999988317489624,0.41025015711784363,0.5239079594612122,0.3043076694011688,0.9999911189079285,0.48391804099082947,0.41349121928215027,0.42957472801208496,0.9999027252197266,0.4854356348514557,0.5944312810897827,0.4693184494972229,0.9999707937240601,0.5764327049255371,0.3609447777271271,0.19837498664855957,0.9909960031509399,0.5937626957893372,0.6291888952255249,0.25499120354652405,0.9902693629264832,0.4628380537033081,0.38535845279693604,0.029112208634614944,0.9853742718696594,0.47935521602630615,0.6515299081802368,-0.001914345775730908,0.9918467402458191,0.4459124505519867,0.40738028287887573,-0.009455292485654354,0.9492666125297546,0.4588455259799957,0.6599735021591187,-0.05947016924619675,0.9691303372383118,0.44063425064086914,0.4167921543121338,0.029292579740285873,0.9394415020942688,0.45627740025520325,0.6528525352478027,-0.026717498898506165,0.9603422284126282,0.447074830532074,0.4134353697299957,0.03880539909005165,0.9317827224731445,0.464247465133667,0.6455089449882507,-0.0014610827201977372,0.9525017142295837,0.6636757850646973,0.43711328506469727,-0.01449030265212059,0.9997996091842651,0.6607378125190735,0.5686134099960327,0.01460734847933054,0.9998658299446106,0.6845491528511047,0.3334949016571045,-0.5155478715896606,0.9949899315834045,0.6870669722557068,0.6930251717567444,-0.5127225518226624,0.9966375231742859,0.8857112526893616,0.35183048248291016,-0.3975590467453003,0.9397443532943726,0.9137313961982727,0.6942627429962158,-0.44155779480934143,0.9859171509742737,0.9328357577323914,0.381214439868927,-0.3896554708480835,0.9236257672309875,0.9551560878753662,0.6641374230384827,-0.4371984601020813,0.9578166007995605,0.9772217273712158,0.26745641231536865,-0.5505126118659973,0.9112520813941956,0.991262674331665,0.7752233147621155,-0.618257999420166,0.9525040984153748,145,0
0.39023861289024353,0.5103031396865845,0.2392692118883133,0.9999980330467224,0.3806270360946655,0.49825793504714966,0.28584620356559753,0.9999973773956299,0.38291800022125244,0.4898110330104828,0.28591373562812805,0.9999970197677612,0.38587674498558044,0.48177841305732727,0.28563806414604187,0.9999972581863403,0.3801427185535431,0.524393618106842,0.2880708873271942,0.9999974370002747,0.38211295008659363,0.5332198739051819,0.2881142497062683,0.9999972581863403,0.38457944989204407,0.5401760935783386,0.28817713260650635,0.9999980926513672,0.4006141424179077,0.4676513373851776,0.4406677186489105,0.9999973773956299,0.4015428423881531,0.5521051287651062,0.4546045660972595,0.9999983906745911,0.4118618965148926,0.4919007122516632,0.2877957820892334,0.999988853931427,0.41031768918037415,0.5248223543167114,0.2904633581638336,0.9999914765357971,0.4838107228279114,0.41377538442611694,0.4262979328632355,0.9999052882194519,0.48599252104759216,0.5944415330886841,0.4643653333187103,0.9999703764915466,0.576423168182373,0.36080044507980347,0.19727113842964172,0.9911183714866638,0.5937361121177673,0.6290890574455261,0.25092530250549316,0.9899433255195618,0.46303290128707886,0.3855271339416504,0.03685622662305832,0.9861910343170166,0.47876492142677307,0.6512332558631897,-0.0017039788654074073,0.9919874668121338,0.4468025267124176,0.40891602635383606,-0.0008872730541042984,0.9522556662559509,0.4581463634967804,0.6591171622276306,-0.06071874871850014,0.969850480556488,0.4414532482624054,0.4174064099788666,0.038460079580545425,0.9430358409881592,0.45590507984161377,0.6519342660903931,-0.026217041537165642,0.9613111019134521,0.447715699672699,0.41385266184806824,0.04691796749830246,0.9354350566864014,0.4637194275856018,0.6449294090270996,-0.000632448005490005,0.9535778164863586,0.6638268232345581,0.43682625889778137,-0.014487124048173428,0.9998008608818054,0.6619867086410522,0.5684719681739807,0.014604723080992699,0.999864935874939,0.6853960156440735,0.334416002035141,-0.5028009414672852,0.9950814843177795,0.6869438290596008,0.6936606168746948,-0.5058565735816956,0.9966748356819153,0.8857908248901367,0.35189324617385864,-0.3877255916595459,0.940538763999939,0.9120959043502808,0.6936019062995911,-0.4352923333644867,0.9863914847373962,0.9330865740776062,0.3807683289051056,-0.3806087374687195,0.92438143491745,0.9540941715240479,0.6633629202842712,-0.4308525025844574,0.958281934261322,0.9769924283027649,0.26613879203796387,-0.5405084490776062,0.9114940166473389,0.9909513592720032,0.7719144225120544,-0.6108801960945129,0.9528469443321228,146,0
0.39012643694877625,0.5105871558189392,0.200301855802536,0.9999979734420776,0.3806172013282776,0.4983862340450287,0.24784062802791595,0.9999973773956299,0.3828742206096649,0.4899122714996338,0.2479061782360077,0.9999970197677612,0.3857462704181671,0.48187312483787537,0.24764896929264069,0.9999972581863403,0.3801218867301941,0.5246368050575256,0.24932460486888885,0.9999974370002747,0.3820759057998657,0.5334757566452026,0.24937430024147034,0.9999971985816956,0.38452640175819397,0.5404142141342163,0.24942724406719208,0.9999980330467224,0.4005030393600464,0.4676930904388428,0.4108811616897583,0.9999973177909851,0.4015481770038605,0.5524476170539856,0.4224521517753601,0.9999983310699463,0.41166719794273376,0.49202069640159607,0.25227031111717224,0.9999890327453613,0.41008561849594116,0.5252876877784729,0.2544229030609131,0.9999914169311523,0.48407766222953796,0.4137321412563324,0.40231454372406006,0.9999068975448608,0.48647791147232056,0.5946304798126221,0.44012945890426636,0.9999679327011108,0.5755334496498108,0.3605678677558899,0.1676378697156906,0.9911925196647644,0.5934210419654846,0.6288288831710815,0.22771772742271423,0.989173173904419,0.46203747391700745,0.3867616057395935,0.003966435324400663,0.9868296384811401,0.478593647480011,0.6511053442955017,-0.02476544678211212,0.9917450547218323,0.4458671808242798,0.41399258375167847,-0.034606169909238815,0.954656183719635,0.4586147367954254,0.6585713624954224,-0.08401373773813248,0.9694899916648865,0.4406184256076813,0.4215352535247803,0.005305168684571981,0.9459238052368164,0.45632684230804443,0.6515185832977295,-0.050470225512981415,0.9609679579734802,0.4468546509742737,0.41684484481811523,0.0143662728369236,0.9382092952728271,0.463634729385376,0.6444013714790344,-0.02407020702958107,0.9530822038650513,0.6642622351646423,0.4360406994819641,-0.014451154507696629,0.9998013377189636,0.6629877686500549,0.5685829520225525,0.014565029181540012,0.9998613595962524,0.6855217218399048,0.3352532684803009,-0.49184900522232056,0.9951246380805969,0.6869634389877319,0.693882942199707,-0.4907226860523224,0.9965971112251282,0.8862652778625488,0.3518711030483246,-0.3840235471725464,0.9415221214294434,0.9112969636917114,0.6932950019836426,-0.42101407051086426,0.986666202545166,0.9334552884101868,0.379759818315506,-0.37738585472106934,0.924908459186554,0.9530985355377197,0.6629845499992371,-0.4167063236236572,0.9581864476203918,0.9769591689109802,0.26614031195640564,-0.5384308099746704,0.9114729166030884,0.9909245371818542,0.771733283996582,-0.596109926700592,0.952531099319458,147,0
